driverid,event,event_count,abnormal_count
A1,lane departure,2,2
A1,normal,77,0
A1,unsafe tail distance,1,1
A10,lane departure,1,1
A10,normal,74,0
A10,overspeed,1,1
A10,unsafe following distance,4,4
A100,lane departure,1,1
A100,normal,76,0
A100,unsafe following distance,2,2
A100,unsafe tail distance,1,1
A11,lane departure,1,1
A11,normal,75,0
A11,overspeed,1,1
A11,unsafe following distance,3,3
A12,lane departure,1,1
A12,normal,75,0
A12,overspeed,1,1
A12,unsafe following distance,2,2
A12,unsafe tail distance,1,1
A13,lane departure,1,1
A13,normal,76,0
A13,overspeed,2,2
A13,unsafe following distance,1,1
A14,lane departure,1,1
A14,normal,74,0
A14,overspeed,2,2
A14,unsafe following distance,2,2
A14,unsafe tail distance,1,1
A15,lane departure,2,2
A15,normal,74,0
A15,unsafe following distance,3,3
A15,unsafe tail distance,1,1
A16,lane departure,1,1
A16,normal,77,0
A16,overspeed,1,1
A16,unsafe following distance,1,1
A17,lane departure,1,1
A17,normal,77,0
A17,overspeed,2,2
A18,lane departure,4,4
A18,normal,74,0
A18,overspeed,1,1
A18,unsafe tail distance,1,1
A19,normal,80,0
A2,lane departure,1,1
A2,normal,79,0
A20,lane departure,1,1
A20,normal,75,0
A20,overspeed,3,3
A20,unsafe tail distance,1,1
A21,lane departure,1,1
A21,normal,75,0
A21,overspeed,2,2
A21,unsafe following distance,1,1
A21,unsafe tail distance,1,1
A22,normal,79,0
A22,unsafe following distance,1,1
A23,lane departure,1,1
A23,normal,75,0
A23,overspeed,1,1
A23,unsafe following distance,2,2
A23,unsafe tail distance,1,1
A24,lane departure,2,2
A24,normal,76,0
A24,overspeed,2,2
A25,lane departure,1,1
A25,normal,76,0
A25,unsafe following distance,2,2
A25,unsafe tail distance,1,1
A26,lane departure,1,1
A26,normal,77,0
A26,overspeed,1,1
A26,unsafe following distance,1,1
A27,lane departure,1,1
A27,normal,75,0
A27,overspeed,1,1
A27,unsafe following distance,2,2
A27,unsafe tail distance,1,1
A28,lane departure,1,1
A28,normal,77,0
A28,unsafe following distance,2,2
A29,lane departure,3,3
A29,normal,76,0
A29,unsafe following distance,1,1
A3,lane departure,1,1
A3,normal,74,0
A3,overspeed,3,3
A3,unsafe following distance,1,1
A3,unsafe tail distance,1,1
A30,lane departure,3,3
A30,normal,76,0
A30,unsafe following distance,1,1
A31,lane departure,1,1
A31,normal,78,0
A31,unsafe tail distance,1,1
A32,lane departure,1,1
A32,normal,76,0
A32,overspeed,1,1
A32,unsafe following distance,2,2
A33,lane departure,2,2
A33,normal,76,0
A33,overspeed,1,1
A33,unsafe following distance,1,1
A34,lane departure,2,2
A34,normal,74,0
A34,overspeed,1,1
A34,unsafe following distance,1,1
A34,unsafe tail distance,2,2
A35,lane departure,3,3
A35,normal,71,0
A35,overspeed,2,2
A35,unsafe following distance,3,3
A35,unsafe tail distance,1,1
A36,lane departure,4,4
A36,normal,76,0
A37,normal,77,0
A37,unsafe following distance,2,2
A37,unsafe tail distance,1,1
A38,lane departure,1,1
A38,normal,74,0
A38,overspeed,1,1
A38,unsafe following distance,2,2
A38,unsafe tail distance,2,2
A39,normal,79,0
A39,unsafe following distance,1,1
A4,lane departure,4,4
A4,normal,74,0
A4,overspeed,1,1
A4,unsafe following distance,1,1
A40,normal,78,0
A40,overspeed,1,1
A40,unsafe tail distance,1,1
A41,lane departure,3,3
A41,normal,75,0
A41,unsafe following distance,2,2
A42,lane departure,1,1
A42,normal,78,0
A42,unsafe following distance,1,1
A43,lane departure,3,3
A43,normal,74,0
A43,unsafe following distance,2,2
A43,unsafe tail distance,1,1
A44,lane departure,3,3
A44,normal,73,0
A44,unsafe following distance,2,2
A44,unsafe tail distance,2,2
A45,lane departure,1,1
A45,normal,76,0
A45,unsafe following distance,2,2
A45,unsafe tail distance,1,1
A46,lane departure,1,1
A46,normal,79,0
A47,normal,78,0
A47,overspeed,1,1
A47,unsafe tail distance,1,1
A48,normal,75,0
A48,overspeed,2,2
A48,unsafe following distance,2,2
A48,unsafe tail distance,1,1
A49,lane departure,3,3
A49,normal,74,0
A49,overspeed,1,1
A49,unsafe following distance,2,2
A5,lane departure,1,1
A5,normal,71,0
A5,overspeed,1,1
A5,unsafe following distance,4,4
A5,unsafe tail distance,3,3
A50,lane departure,3,3
A50,normal,71,0
A50,overspeed,2,2
A50,unsafe following distance,3,3
A50,unsafe tail distance,1,1
A51,normal,75,0
A51,overspeed,2,2
A51,unsafe following distance,2,2
A51,unsafe tail distance,1,1
A52,normal,78,0
A52,overspeed,1,1
A52,unsafe following distance,1,1
A53,lane departure,1,1
A53,normal,75,0
A53,overspeed,1,1
A53,unsafe following distance,2,2
A53,unsafe tail distance,1,1
A54,lane departure,3,3
A54,normal,76,0
A54,overspeed,1,1
A55,normal,78,0
A55,overspeed,2,2
A56,lane departure,2,2
A56,normal,77,0
A56,unsafe following distance,1,1
A57,lane departure,2,2
A57,normal,75,0
A57,unsafe following distance,3,3
A58,lane departure,1,1
A58,normal,78,0
A58,unsafe tail distance,1,1
A59,lane departure,1,1
A59,normal,75,0
A59,unsafe following distance,4,4
A6,normal,79,0
A6,unsafe following distance,1,1
A60,lane departure,2,2
A60,normal,74,0
A60,overspeed,3,3
A60,unsafe following distance,1,1
A61,lane departure,3,3
A61,normal,75,0
A61,unsafe following distance,1,1
A61,unsafe tail distance,1,1
A62,lane departure,2,2
A62,normal,77,0
A62,overspeed,1,1
A63,lane departure,1,1
A63,normal,77,0
A63,unsafe following distance,2,2
A64,lane departure,1,1
A64,normal,77,0
A64,unsafe following distance,1,1
A64,unsafe tail distance,1,1
A65,normal,79,0
A65,unsafe following distance,1,1
A66,lane departure,2,2
A66,normal,74,0
A66,unsafe following distance,2,2
A66,unsafe tail distance,2,2
A67,lane departure,1,1
A67,normal,76,0
A67,overspeed,1,1
A67,unsafe following distance,2,2
A68,normal,76,0
A68,overspeed,2,2
A68,unsafe following distance,1,1
A68,unsafe tail distance,1,1
A69,lane departure,1,1
A69,normal,74,0
A69,overspeed,4,4
A69,unsafe tail distance,1,1
A7,lane departure,1,1
A7,normal,75,0
A7,overspeed,2,2
A7,unsafe following distance,1,1
A7,unsafe tail distance,1,1
A70,lane departure,2,2
A70,normal,75,0
A70,overspeed,1,1
A70,unsafe tail distance,2,2
A71,lane departure,2,2
A71,normal,72,0
A71,overspeed,2,2
A71,unsafe following distance,3,3
A71,unsafe tail distance,1,1
A72,lane departure,2,2
A72,normal,75,0
A72,overspeed,2,2
A72,unsafe following distance,1,1
A73,lane departure,2,2
A73,normal,70,0
A73,overspeed,3,3
A73,unsafe following distance,5,5
A74,lane departure,2,2
A74,normal,75,0
A74,unsafe following distance,2,2
A74,unsafe tail distance,1,1
A75,lane departure,4,4
A75,normal,74,0
A75,overspeed,1,1
A75,unsafe following distance,1,1
A76,normal,77,0
A76,overspeed,1,1
A76,unsafe following distance,1,1
A76,unsafe tail distance,1,1
A77,lane departure,2,2
A77,normal,73,0
A77,overspeed,1,1
A77,unsafe following distance,3,3
A77,unsafe tail distance,1,1
A78,normal,78,0
A78,overspeed,1,1
A78,unsafe following distance,1,1
A79,normal,79,0
A79,unsafe following distance,1,1
A8,lane departure,1,1
A8,normal,78,0
A8,overspeed,1,1
A80,lane departure,1,1
A80,normal,75,0
A80,unsafe following distance,2,2
A80,unsafe tail distance,2,2
A81,lane departure,1,1
A81,normal,74,0
A81,overspeed,1,1
A81,unsafe following distance,4,4
A82,lane departure,1,1
A82,normal,78,0
A82,unsafe following distance,1,1
A83,lane departure,2,2
A83,normal,77,0
A83,unsafe following distance,1,1
A84,lane departure,1,1
A84,normal,74,0
A84,overspeed,3,3
A84,unsafe following distance,2,2
A85,lane departure,1,1
A85,normal,75,0
A85,unsafe following distance,2,2
A85,unsafe tail distance,2,2
A86,lane departure,1,1
A86,normal,73,0
A86,overspeed,1,1
A86,unsafe following distance,5,5
A87,lane departure,3,3
A87,normal,74,0
A87,unsafe following distance,2,2
A87,unsafe tail distance,1,1
A88,lane departure,2,2
A88,normal,75,0
A88,unsafe following distance,2,2
A88,unsafe tail distance,1,1
A89,normal,78,0
A89,unsafe following distance,1,1
A89,unsafe tail distance,1,1
A9,lane departure,1,1
A9,normal,74,0
A9,overspeed,2,2
A9,unsafe following distance,1,1
A9,unsafe tail distance,2,2
A90,lane departure,1,1
A90,normal,75,0
A90,overspeed,1,1
A90,unsafe following distance,3,3
A91,normal,78,0
A91,unsafe following distance,2,2
A92,lane departure,3,3
A92,normal,73,0
A92,unsafe following distance,4,4
A93,lane departure,2,2
A93,normal,74,0
A93,overspeed,1,1
A93,unsafe tail distance,3,3
A94,lane departure,3,3
A94,normal,74,0
A94,overspeed,1,1
A94,unsafe following distance,2,2
A95,lane departure,5,5
A95,normal,72,0
A95,unsafe following distance,1,1
A95,unsafe tail distance,2,2
A96,lane departure,1,1
A96,normal,78,0
A96,overspeed,1,1
A97,lane departure,11,5
A97,normal,60,0
A97,overspeed,5,5
A97,unsafe following distance,1,1
A97,unsafe tail distance,3,3
A98,lane departure,1,1
A98,normal,74,0
A98,overspeed,1,1
A98,unsafe following distance,3,3
A98,unsafe tail distance,1,1
A99,normal,76,0
A99,overspeed,1,1
A99,unsafe following distance,2,2
A99,unsafe tail distance,1,1
